{"cameraMode":{"drawMode":0,"name":"Shaded","section":"Shading Mode"},"sceneLighting":false,"audioPlay":false,"sceneViewState":{"showFog":true,"showMaterialUpdate":false,"showSkybox":false,"showFlares":true,"showImageEffects":true,"showParticleSystems":true},"in2DMode":false,"pivot":{"x":0.0,"y":0.021249279379844667,"z":0.010702259838581086},"rotation":{"x":0.11774927377700806,"y":-0.7538226246833801,"z":0.14068014919757844,"w":0.6309491991996765},"size":1.5574262142181397,"orthographic":false}