{"cameraMode":{"drawMode":0,"name":"Shaded","section":"Shading Mode"},"sceneLighting":false,"audioPlay":false,"sceneViewState":{"showFog":true,"showMaterialUpdate":false,"showSkybox":false,"showFlares":true,"showImageEffects":true,"showParticleSystems":true},"in2DMode":false,"pivot":{"x":0.059814453125,"y":-0.05419921875,"z":0.0521240234375},"rotation":{"x":0.06733293831348419,"y":-0.8399165868759155,"z":0.5277554988861084,"w":0.1071595549583435},"size":1.685072898864746,"orthographic":true}