{"cameraMode":{"drawMode":0,"name":"Shaded","section":"Shading Mode"},"sceneLighting":false,"audioPlay":false,"sceneViewState":{"showFog":true,"showMaterialUpdate":false,"showSkybox":false,"showFlares":true,"showImageEffects":true,"showParticleSystems":true},"in2DMode":false,"pivot":{"x":0.19696760177612306,"y":0.10194551944732666,"z":0.5235776901245117},"rotation":{"x":0.36586666107177737,"y":-0.34547027945518496,"z":0.14847013354301454,"w":0.8513219952583313},"size":19.082529067993165,"orthographic":true}