{"cameraMode":{"drawMode":0,"name":"Shaded","section":"Shading Mode"},"sceneLighting":false,"audioPlay":false,"sceneViewState":{"showFog":true,"showMaterialUpdate":false,"showSkybox":false,"showFlares":true,"showImageEffects":true,"showParticleSystems":true},"in2DMode":false,"pivot":{"x":-0.004421234130859375,"y":3.080105781555176,"z":-0.0002384185791015625},"rotation":{"x":-0.15746979415416718,"y":-0.7524138689041138,"z":0.19444561004638673,"w":-0.6093233823776245},"size":28.935102462768556,"orthographic":false}