{"cameraMode":{"drawMode":0,"name":"Shaded","section":"Shading Mode"},"sceneLighting":false,"audioPlay":false,"sceneViewState":{"showFog":true,"showMaterialUpdate":false,"showSkybox":false,"showFlares":true,"showImageEffects":true,"showParticleSystems":true},"in2DMode":false,"pivot":{"x":-0.6782665252685547,"y":0.16616058349609376,"z":-0.32686662673950198},"rotation":{"x":-0.1453082263469696,"y":-0.8044650554656982,"z":0.21952421963214875,"w":-0.5324838757514954},"size":24.28665542602539,"orthographic":false}